Game,like,date,comment,good
sunkenland,1,2023-08-31,만약 얼리엑세스에 굳이 돈을투자해야겠다하시면 이 게임이야 말로투자 할만한 가치가 있는 게임이 아닌가 싶습니다 물론 평소 얼리엑세스에 대해 관대하지 않다면최소 달은 기다리셨다 보러오셔야 될 정도의완성도이긴합니다 그래도 이 게임은 완성도면에서는 아직 많이 부족하지만진짜 무한한 가능성을 가진 게임으로 보여집니다 심지어 가격대도 나쁘지 않은 편인데 본인들도 완성도가 낮다는걸 인정한다는 듯 할인해둔게 마음에드네요 보통 얼엑 게임 중 완성도는 높지만 컨텐츠가 부족한 게임들도 종종 있는데 성공하는 얼엑 투자는 컨텐츠는 좋은데다듬어지지 못한 게임들이 성공률이 높다고봅니다 물론 앞으로도 계속해서 버그 및 안정성 부분에 있어개선시키고 새로운 지을거리와 새 탐험장소들도더 생겨난다는 가정하에 그렇다는건데만약 정식출시때 그런것들이 이루어진다면 점도 줄 수 있을 것 같네요 하여튼 지금은 적들이 엄청 부자연스러워전투하는 맛이 많이 떨어지고 아직 미션도 없고배가 건물에 끼는 등의 작은 버그들도 있다는점꼭 참고하시면 좋겠습니다 그리고 싱글플레이 기준 처음 플레이하시면 가방도 좁고 몸빵도약하고진짜 뭐만하면 죽는데 나중에 군용 가방 청사진 드시면가방공간 문제는 충분히 해결이되고 또갑옷은 방어력 짜리와 투구 정도만착용해주셔도 죽을일 절반으로 줄어들겁니다 그리고 총기는 제가 종정도 사용해봤는데현재까지는 볼트액션 소총이 가장 좋았네요 저처럼 나중에 이 게임을 완전 마스터하시게되면기지 안에서 물과 음식은 무한 공급가능하니그 전까지 열심히 노가다 화이팅 아 그리고 한글이 이런식으로 표기되어있다는글이 많아 걱정을 좀 했는데 그건 게임 옵션설정부분이 좀 유독 심했고 게임플레이 부분에있어서는 지도에 표시된 위치들과 템이름 외에는 한글 전부 잘되어있었으니 참고하세요 그래도 문제 고치시고 싶으시면여기 평가글중에 누가 해결법 남겨둔게 있으니그거 참고하시면 될 듯 합니다 이거 바뀌면 갓겜된다 건축물들은 철거 말고 재배치도 가능했으면 좋겠음 발전기에 연결하는 전선들은 정리가 가능했으면 좋겠음 적들의 AI가 훨씬 개선되었으면 좋겠음 탐험 가능한 섬들이 더 많았으면 좋겠음 지을거리와 제작가능한템도 더 생기길 은 자체적으로 해결해줬으면 좋겠음 영상 조회수가 만회나왔으면 좋겠음 ,110
sunkenland,1,2023-08-27,씨이발 밤샜다,27
sunkenland,1,2023-08-31,이거 묵고기 말리는게 아니고 marlin 이라고 청새치 말하는거임한글로 번역되면서 그대로 말린이라고 나오는듯청새치 죽이면 나옴,6
sunkenland,1,2023-08-26,한글자막 으로 뜰때 해결방법은 번에 잇지만 번에서 필요한 config ini은 번에 잇습니다 번 https seogilang tistory com google vignette 설명대로하시면서 config ini을 메모장으로 열어서 수정하는것중에 FromLanguage zh CN로 바꾸라고하는거 잇을건데요 FromLanguage en으로 바꿔주세요 그리고나면 게임내에 영문자막을 자동으로 바꿔주지만 으로 뜰 확률이 높아요 그러므로 번하시면 이 웬만하면 해결됩니다 그리고나서 설정에서 Sunkenland에서 지원해주는 한글로 선택해주시면 완벽한글로 즐기실수잇습니다 다른게임에서도 이방법으로 영문을 한글로 자동으로 변경해서 즐길수도잇습니다 번 https blog naver com mknoh ,58
sunkenland,1,2023-08-29,글자가 깨져 로 나타날 경우https steamcommunity com profiles recommended 해당 버그를 해결방법 링크와 함께 리포트하였으니 잘 안되시는 분들은 기다려 주시면 됩니다 게임자체는 생존요소가 재밌지만 전투 조작감이 어렵습니다 그러나 익숙해지면 그럭저럭 할만합니다 현재 현대 등급 이상의 총 이 적과 아군 자신포함 사람에게는 전혀 맞지 않는 치명적인 버그가 있습니다 확인결과 특정 서버에서만 나타나는 현상입니다 그러나 건물에는 여전히 데미지를 주기 때문에 안아프다고 무시하면 기지가 분해되는 광경을 볼 수 있습니다 덕분에 전투 난이도가 현대 등급 총이 나오기 직전에는 불합리한 숫자와 적의 뛰어난 사격술과 기술테크로 난이도가 상승하면서 점차 진행되는 연구와 전술적 방어 전투로 재미를 느낄 수 있으나 현대등급 총이 나오고 나서는 냉병기를 들고 냅다 돌격하는 자신을 보게 됩니다 팁 오직 효율만 바란다면 기지는 직접 짓지말고 적당히 방어하기 편한 곳을 뺏고 개조 하세요 개인적으론 처음 스타트 지점인 유린자의 섬 에서 시작하였다면 창만들고 시방향 돌연변이자 거주지 추천합니다 거기로 가서 바다로 유인하고 뒤로 빠지면서 창으로 쿡쿡 찔러주면 다잡을 수 있습니다 붕대 두개랑 빨간약 개정도 챙기면 좋습니다 직접 짓지 말라는 이유는 이미 만들어진 적의 기지는 방어물 벽 이 무적이기 때문입니다 적들의 기술력이 일차 정도 부터는 총을 쏘기 시작하는데 적들은 절대 가까이 오지않고 무한총알으로 총을 쏘며 기지를 기반부터 개박살을 내며 니가와를 시전합니다 또한 기존에 지은 건물은 현재 기준 으로 업그레이드가 불가능하여 철거하고 다시 지어야됩니다 즉 적들의 데미지가 올라가지만 기지의 방어력은 그대로이기 때문에 전투가 끝나면 도 모든 방향을 하루종일 수리 해야합니다 안그러면 다음 전투때 반드시 박살나니까요 결론은 방어할 방면을 최소화 하셔야 된다는 소리입니다 꼬우면 기지를 좋은 재료로 처음부터 다시 지으란 소리라 애초에 방어가 용이한 적 기지를 뺏어서 개조하여 쓰는게 최고입니다 적 기지는 방어가 용이하게 애초에 설계되어있으며 무적인 벽을 갖고 있으니 최상의 조건입니다 왜 아포칼립스 소설 속에서 남의 기지 뺏으려는 놈들이 항상 있는지 알 수 있었습니다 바닷속에서 빨간거 보이면 약 재료니까 무조건 파밍 근접무기 중 창이 제일 리치와 공격력이 길고 공속도 빠릅니다 메인 근접무기로 좋습니다 유린자의 섬에서 처음 집 짓게 되면 절대 큰 바위랑 붙어서 짓지 마세요 바위타고 기어 올라와서 집 공중에 떨어집니다 나무와 광맥은 시간이 지나면 리젠됩니다 의외로 스크랩이 유한재료 같지만 맵 자체가 넓어서 기지를 어지간히 크게 짓지 않는한 부족하지는 않습니다 적들은 상자 가구를 기준으로 습격 레이드 하고 상자를 부습니다 재생자원인 나무로 만드는 상자를 섬 이곳저곳에 만들어 미끼로 삼으면 집을 비교적 안전하게 만들 수 있습니다 그러나 해당 섬으로 자원을 캐러가기 힘들게 될겁니다 차라리 집에서 디펜스하는게 쉬울 수도 있습니다 보통 공성전에서는 방어가 더 쉬우니까요 ,16
sunkenland,1,2023-09-11,시작하자마자 푹 빠져서 미친듯이 달리면서 이렇다 할 버그도 전혀 없었습니다 는 지랄 퀵슬롯 인벤 장비 전부 다 사라지는 버그를 겪고나서 현타 와서 끔근데 겜은 중독성 있음 서브노티카 러스트 느낌아직 편의성 노가다 AI 능지 수듄이 개판이라 개선 할 점이 매우 많지만 지금도 매우 재밌음앞으로가 기대 되는 게임 모든 섬 적 사살 완료 겸 후기 수정 해 봄장점 재밌음 정말 재밌게 한 게임만 평을 정성스럽게 적는데 어떻게 적어도 단점이 많이 길어짐 근데 일단 겜이 재밌다 이 한마디면 모든게 설명 됨 취향만 맞는다면 나처럼 이틀동안 시간 달릴 정도임 조잡하지만 기지 건설이 재밌다 바닥 위에 물건이 있어도 바닥 해체 가능함이걸 편의성이라고 해야 될지 모르겠지만 건축 하다보면 이런 설렁함이 있어서 다행이다 싶음 의외로 타격감 좋음 처음 돌도끼로 나무 패보면 알겠지만 의외로 각종 사운드 타격음이 좋음 총 타격음도 나쁘지 않을 정도 성장하는 맛이 있음 아직 얼엑이라 컨텐츠가 많지 않지만 초반 지옥만 버티면 스쿠버 보트 총 등 해금하고 나서부터 파밍도 빨라지고 적들 조지는 재미가 있음 단점 및 팁 사실 단점은 버그 관련인데 너무 길어서 맨 아래로 넘김 자원 수집 나무 스크랩 철괴 순으로 테크트리가 올라가게 되는데 스크랩만 너어어무 많음일단 구하기가 제일 쉬운 것도 있지만 다른 자원들에 비해 너무 많이 나옴 물론 기지 건축 때 나무 스크랩 철괴 순으로 단단해지기 때문에 중간 단계인 스크랩을 굉장히 많이 사용하게 된다고는 하지만 필요이상임 아래 서술 할 자원 스택 문제도 포함 나무도 파종기로 집에서 수확이 가능하다지만 철괴나 구리등의 광석은 수집하기가 매우매우 귀찮다 나중에 광석 추적기가 준비 되어있지만 마냥 편하지 않음 써보면 알거임 그리고 끽해봐야 한 덩이에 개 밖에 안나옴 개정도 나오는건 걍 광석 개 겹쳐져서 그럼 그리고 일단 자원 자체가 너무 흩어져 있음 나중에 뭐 보트타고 댕기고 스쿠터로 잠수해서빠르게 파밍하게 되는 걸로 어느정도 해결 되는것은 맞지만 일단 자원의 밀집도가 너무너무 떨어져있음 겜 제작할 때 러스트를 많이 참고한 듯 한데 러스트 플탐 시간이 참고해서 만들어도 이딴식으로 자원 배치하거나 자원 수급량이 이꼬라지는 아니었을거임 그래도 중독성이 있으니 플레이하는거지 파밍이 매우 중요한 게임에서 이딴식으로 만든건 반성해야 됨 자원 스택 문제 및 인벤토리 공간 부족 절망적인 인벤토리 공간과 제작자 귀싸대기 마려운 자원 스택 꼬라지 인벤은 군용 가방 청사진 얻고 쓰면 그래도 숨통 트이기 때문에 넘어간다고 하지만자원 스택은 정말 참을수가 없음 위에 말했듯 스크랩은 필요 이상으로 나온다 근데 왜 한 덩이에 개 밖에 안되냐고 어디 써먹을데도 거의 없는 유리는 개씩 쌓이는데 도대체 무슨 밸런스로 이딴 스택 수를 정한건지 알수가 없음 철광석은 건축 및 무기 방어구 제작 구리석은 총알 제작 등으로 생각보다 사용처가 많은데찾기가 매우 귀찮고 힘들고 적게 나오고 스택도 개라 인벤 개차지함 일단 자원 스택을 최소 배는 늘려줘야 할만 할 것 같음 개발자들 꼭 봐라 장식품 및 옷 활용처물론 말 그대로 장식품이고 장식하는걸 좋아하는 사람이라면 불만 없겠지만 난 장식이고 나발이고 관심이 없었기 때문에 너무 쓸모가 없어서 나오면 그냥 다 버렸음 근데 이 게임은 버리기도 그냥 인벤 밖으로 드래그 앤 드랍이 아니라 버리기 칸에 갖다 놔야 버려지기 때문에 이게 생각보다 매우 귀찮음 그만큼 장식품 같은 필요 없는 템이 많이 나오기도 하고 템 버릴 때 그냥 인벤 밖으로 끌면 버려지게 하고 장식품을 갈아서 재료로 만들던지 상인에게 좀 더 가치 있게 해 줬으면 좋겠음 그리고 캐비넷 같은 걸 열면 확정적으로 옷이나 신발등이 나오는데 방어력도 군용 아니면 없는 수듄이고 그저 그냥 룩딸임 그마저도 나중에 갑바랑 뚝 쓰면 가려져서 아무짝에 쓸모 없음 AI 능지 개판AI의 시야 및 능지는 그야말로 처참 한 수준임 바로 뒤에서 뛰댕겨도 반응을 안하는 경우가 많음 근데 웃긴건 정말 멀리 있어도 내가 적 방향으로 총 한발 쏘면 갑자기 날 쳐다보면서 총을 갈김 참내 내가 발견 되면 브금이 바뀌는데 AI랑 눈 마주치고 그냥 잠깐 다른데 다녀오면 날 발견 햇던 곳만 주시하면서 멍때리고 있는 경우가 허다함 그래서 발견되고나서 잠깐 마실 다녀온 뒤 조지면 됨 근데 이새기들이 총은 오질라게 잘 쏨 약탈자들은 밥 총이기 때문에 위협적이지 않지만구원 부족이나 사냥꾼 최종 몹 워헤드는 한발 한발 매우 아프기 때문에 방어구가 갈려나감 AI 능지 총기 데미지 에임의 밸런스를 확실히 조정 할 필요가 있음 여러가지 편의성 부분일단 그릴은 음식을 하나 밖에 못 올려놓음 제작자 구워버리고 싶음 용광로도 하나씩 밖에 못 구움 제작자 녹여버리고 싶음 모터보트 후진 할 때 좌우 반전임 제작자 모가지 반전 시키고 싶음 헤드라이트 배터리는 알코올임 배터리 수명이 너무 짧음 제작자 수명 단축시키고 싶음 모터보트 수중 스쿠터는 기름 및 배터리를 생각보다 많이 잡아 먹지 않아서 혜자네 하고 있었는데헤드라이트 잠깐 끼자마자 바로 방전되서 꺼지는거 보고 뭐지 싶었음 금속 선반 및 나무 선반은 더 포레스트에서 보고 온걸 만든건지 모르겠는데 일단 쓰레기임 크기는 차지하면서 전혀 효율성이 없음 많이 들어가지도 않고 일일히 눌러서 넣어야 되고 그냥 나무 상자에 끌어다 쳐넣는게 훨씬 나음 그저 낭만 원툴임 버그버그버그 사실 엄청 같은 버그는 퀵 슬롯 인벤 장비템 전부 사라지는 버그 한번 뿐이었음 그 다음부터는 쫄려서 로그아웃 하기 전에 상자 하나에 템 싹 몰아넣고 로그아웃 했음 버그버그버그 자원 수집해서 나만의 요새 만드는 재미도 있다지만 일단 이 게임은 러스트 처럼 다른 섬에가서 거기 원주민들 대가리 뚫어버리는 총 게임임 근데 총이 안맞는 버그가 있다 이런 Tlqkf 처음 활 석궁 총 순으로 테크를 올려갈텐데 활은 안써봤고 석궁은 그래도 잘 맞는다 그때까지만 해도 총이 안맞는다거나 크로스헤어가 두개이진 않았음 버그버그버그 나중에 총으로 넘어가고 나면 우선 권총부터 헤드를 쏴도 는 몸에 데미지가 들어감 화면 좌 상단에 적이 데미지를 받았다 는 멘트가 나옴이 게임은 정직하게 무기에 써져 있는 데미지를 그대로 적이 받기 때문에 마지막 최종 몹들은 방어구도 빠방하게 끼고 있는데 방어구 딜감 개념은 아직 없는듯 몸샷 헤드샷을 구분 할 수 있는데 크로스헤어에 머리 갖다 대고 면상 앞에서 쏴도 몸에 대미지가 들어가는 경우가 많음 니 에임이 구대기 아니냐 할 수 있는데 이 게임은 AI 시야 및 능지 자체가 신이기 때문에 얼마든지 면상 앞에서 대가리를 조준 할 기회가 많음 수없이 실험해봤는데 똑같은 거리 똑같이 머리에 두고 쏴도 한명은 대가리 한명은 몸샷 뜰 때가 많음 버그버그버그 위에는 일단 총이 맞기는 한 상황을 얘기한거지만 지금은 아예 총이 걍 적을 뚫어버림 관통샷임 근데 적은 데미지를 입지 않는 관통샷임 말이되나 그냥 씨발 안맞음 아예 개같은거 가만히 서있는 넓직한 몸땡이를 쏴도 그 뒤에 벽이 쳐맞음 총 싸움 수준을 이따구로 만들거면 진짜 만들지 말아야 했을 수듄으로 매우 매우 심각한 버그 및 잘못 제작 된 부분이 가장 많은게 총 교전 때임 버그버그버그 또 총 쏠 때인데 엄폐물 뒤에 적들이 머리만 빼꼼 어깨만 빼꼼 나와 있다면 평범한 유저들은 당연하게도 빼꼼 나온 부분을 쏠것임 하지만 이 게임은 빼꼼이라는 개념이 코딩 되어 있지 않음 빼꼼 나와 있는 것도 엄폐물 취급임 이게 뭔 소리냐상자 뒤에 있거나 차 뒤에 대놓고 적 대가리 어깨 다리 등이 보이지만 쏘지 말란 소리임 안 맞 거 든 그래서 빼꼼 나와 있는 적을 봤다면 적의 모습이 전부 보이는 위치까지 이동해서 머리를 쏘던 해야됨 하지만 머리는 뭐다 쏴도 몸 맞는다 그리고 가장 심각한건 난간 처럼 그냥 나무 판자때기 하나로만 가려져 몸의 가 보이는 적도쏘면 벽에 맞는 스파크 이펙트가 튀어 절대로 맞지 않는다 개씨발 쓰다보니까 빡침 그리고 내가 엄폐물 뒤에서 사격 할 때도 엄폐물이 보이는 것보다 크기 때문에 내가 숨은 엄폐물에 내 총알이 맞아서 스파크 튀는 것을 볼 수 있음 진짜 다른건 몰라도 총 교전 부분에서는 제작자 죽여버리고 싶음 총 교전 시 그나마 팁AI가 시야 능지는 개병신이어도 에임은 생각보다 좋고 일단 데미지가 매우 쌔다 나중 최종몹 워헤드 부족 만나면 걍 샷건 원탭임 위에 서술 했듯 총 교전시에는 플레이어가 모든 불합리함을 이 악물고 견뎌내야 하기 때문에결국 그냥 수류탄이 답이다 나중에 조잡한 수류탄이나 몰로토브 군용 수류탄을 줍거나 제작해서버그가 일어난다면 걍 대놓고 수류탄 던지면 알아서 죽는다 그리고 상점에 도트 사이트를 파는데 참으로 애매한 부품임 조준 거리가 조금 늘어나긴 하는데 권총 조준경이라고 되어있으면서 어떤 권총에 달리는지 모르겠음 개인적으로 데저트이글이 가장 좋은 권총이라고 생각하는데 안달림 볼트액션 소총에 밖에 달아본적이 없음 그리고 일단 성능이 병신임도트를 달았으면 도트만 보이던지 해야지 기존 크로스헤어도 보임 이게 왜 문제냐 둘이 조준하는 부분이 일단 다르다 이정도 현실 고증 할 수듄의 게임은 아니기에 걍 버그던지 대충 신경 안쓴 것 같은데 걍 안끼는게 나을정도임 도트에 대고 쏴도 안맞고 크로스헤어에 대고 쏴도 안맞는 경우가 허다함 걍 쓰지 마셈 쓰다보니 개빡쳐서 매우 길어진 듯 함 게임 자체는 매우 재밌고 쉬운편 총 교전 제외 이기 때문에 딱히 팁이랄 것도 없음 게임이 뭔가 정직한 느낌에 컨텐츠 자체도 별로 없어서 다른 편법이나 그런게 존재하지 않음 그래도 매우 재미있고 앞으로 갈 길은 멀지만 패치 자주자주 해주면 갓겜 될 것 같음,11
sunkenland,0,2023-09-14,제대로 저장후에 종료후 가진 상자들을 열어보면 비어있는 상자가 있다그렇다 이 발 한 상자에 모든 아이템이 날아간거다그래서 혹시나 잘못봤나 해서 다시 저장후 종료를 누르니 옆에있던 상자도빈상자가 되어 버리셨다 발,12
sunkenland,1,2023-09-09,개인적으로 좋아하는 장르의 게임인데 얼리치고는 나쁘지 않고 발전 가능성이 보임 하지만 얼리답게 콘텐츠가 부족하고 파밍을 하고 집을 건설하는 것 외에는 딱히 할 게 없음 기지를 방어하는 디펜스 적인 요소가 있는데 아직은 밋밋한 느낌이지만 적당한 긴장감은 있음 싱글 플레이를 할 경우 작은 팁을 하나 언급하자면 도끼로 가구를 패서 판자를 얻을 때 파괴될 때까지 때리지 말 것 고철더미 혹은 어떤 물체를 수색할 때 파괴될 때까지 수색하지 말 것 상자를 수색할 때 상자 안의 잡템 하나를 남겨 두어서 상자가 파괴되지 않게 할 것 이렇게 하면 게임을 재접속할 경우 고철 더미와 가구는 다시 수집할 수 있고 아이템 상자에도 아이템들이 다시 가득차 있는 것을 보게 될 것임 ,17
sunkenland,1,2023-09-03,항상 멀티 생존 게임에 목말라 있는 게이머입니다 간만에 괜찮은 게임이 나와 가슴이 뛰네요 아직 부족한 점은 많지만 얼리 액세스이기 때문에 차츰차츰 채워질 것이라 믿습니다 추천많이 받은 리뷰에 수동 번역 방법이 있는데 적용이 복잡하다 하실 분들을 위해 개인적으로 플레이할 때 쓰는 번역 파일을 공유합니다 압축 해제 후 나온 파일을 덮어씌우기만 하시면 됩니다 버전으로 제작되었으며 추후 패치되면 적용이 안될 수 있습니다 https drive google com file d Waju SQRKy Q h bTVgV SMYof OZSey view usp sharing,11
sunkenland,1,2023-08-27,아직 얼리이긴 하지만 창작마당 나오고 버그 꾸준히 고쳐주고 업뎃해주면 갓겜 될 가능성 커 보임 스트랜디드딥 레프트 더포레스트 러스트맛 약간에 응근 아기자기한 꾸밈템도 있고해서 의외로 같이 하는 멤버들 다들 나름 할만하다고 함 창작마당 나오길 간절히 바라는 중 네온싸인 아이템 개좋아 다만 서브노티카의 느낌을 예상했지만 그 느낌은 좀 적은 편이고 레프트처럼 스토리시스템이 아니기에 컨텐츠는 분명 부족하지만 업뎃이 꾸준히 이루어진다면 분명 좋은 게임일듯플레이 분 아 씌 기대를 너무 많이 했나 시간 해보고 재미없으면 환불 플레이 분 어 음 나쁘지 않은 걸 플레이 분 숨이 안쉬어진다 컥컥 욕심을 버리고 물 밖에 나와서 숨좀 쉬어주자 제발 플레이 시간이 가까워질 무렵 환불받을생각 도 없이 가방이 작다며 투덜대는중 플레이 시간 이상 내집 마련에 환장하는 중 나무가 부족해 이 후 계속 플레이 중입니다,23
sunkenland,1,2023-09-11,헬기가 물에 빠지고 일정시간이 지나면 사라집니다 저는 알고 싶지 않았어요 ,14
sunkenland,1,2023-09-10, 탐험 생존 디펜스 건설 멀티모든 생존게임 요소들을 하나로 섞은해저 육지 파밍 게임맛집도 아니고 신선한 게임도 아니지만 아는 맛이 더 무섭다,4
sunkenland,1,2023-09-15,너무 재 네요친구들 께 하면 더 재 어요 ,7
sunkenland,0,2023-09-14,이상한버그 고치지말고 상자안 템 사라지는거 먼저 고쳐주세요,3
sunkenland,1,2023-09-03,Please fix the phenomenon of breaking Hangul Please add more furniture decorations clothes cooking fruits and vegetables ,2
sunkenland,1,2023-08-30,똑똑이들이 올려둔 한글 로 뜨는거 고치는 방법 따라하다가 계속 arialuni sdf u plus z zip 이게 안뜨길래헤매다가 분할파일 여는법 구글링했다 첫번째 압축파일을 열려면 밑에 번 번 파일들과 한폴더에 같이 있어야함나 이거 몰라서 헤맴 나같은 컴맹들이 있을까봐 올려둠 겜하러 가야겠다,6
sunkenland,1,2023-08-30,한글 깨짐현상 정상화 하는 방법닭의콧물님의 평가 게시물을 기반으로 영상을 만들었습니다 ,8
sunkenland,1,2023-09-01, 게임 시작 전에 꼭 패치 하세요 한글 패치 없애는 방법 깔끔하게 정리된거 최종본 여기에 있음 https blog naver com ehddn 게임 플레이 평가 중간중간에 좀비들 쳐들어오는거 맘에 듬 신기하게도 좀비들이 사다리 잘 이용함 라프트에선 재료들을 어렵게 구하는데 이겜은 재료를 엄청 쉽게 구함 맵의 끝자락 까지 가기 위해선 엄청난 고생이 필요함 침대가 다 똑같기 때문에 어디에서 부활해야하는지 모름 스토리가 무엇인지 어떻게 진행해야하는지 모르겠음 친구랑 같이하면 재미있고 혼자하려면 서버열고 암호 걸지말고 플레이 해야 꿀잼임 ,5
sunkenland,1,2023-08-26, 게임성 러스트와 라프트를 합친듯한 세계관으로 흥미로우면서도 재미있음 파밍의 중요성 이 게임은 끊임없이 파밍이 필요하며 주변 부족들을 정리할 필요가 있음 멀어질수록 강력하며 가장 가까이 있는 원주민들도 생각보다 강력하니 근접전투할 생각 하지말고 원딜이나 넣으면서 사냥하는게 좋음 기지건설 생존 서바이벌 게임들이 대부분 그렇듯 한번 자리를 잡으면 게임이 루즈해지기 마련인데 주기적으로 침공해 오는 원주미들로 인해 좀 쉬고싶어도 미친듯이 몰려오는 원주민 때문에 스트레스 받기까지 하는 지경 처음에야 원거리 무기로 짤짤이 치면 쉽게 잡히는데 두세시간 플레이 하다보면 혼자서는 도저히 감당이 안될정도로 몰려와서 빡센 기억이 있음 러스트 처럼 베이스 방어 디자인이 상당히 중요 멀티 or 싱글 리뷰에 싱글이 안된다는 사람도 있는데 싱글 됨 근데 멀티로 해야 더 재미있고 파밍노동을 줄일 수 있어서 가능하면 멀티하는게 좋음 버그 딱히 버그랄건 못찾았는데 유일하게 한글 폰트가 깨지는게 확인됨 이건 금방 해결될 듯 한데 빨리 버그수정 해주세요 튜토리얼이 없어서 맨땅에 해딩해야 한다는게 초보자 에겐 어려울수 있음 사양 이정도 그래픽에 이정도 사양이면 상당히 좋은편인것 같음 본인 컴퓨터도 을 사용하는데 프레임고정 상당히 잘 나오는 중 수정 버그 현재 확인된 버그는 아래와 같음 점사 버그 단발씩 나가는 권총이나 단발로 끊어서 쏘려고 딸깍 클릭하면 한방에 발이 나가는 점사가 되는 버그가 있음 재접하면 되긴한데 AI랑 싸우는 도중 버그 걸리면 개빡침 두더지 버그 베이스를 공격하는 AI가 가끔 땅속으로 들어가는 버그가 있는데 얘는 땅속에서 나를 저격하기에 대응할 방법이 없어 무조건 재접해야함 한글 네모박스 처음보다는 상당히 좋아지긴 했지만 아직 버그가 조금씩 남아있음 처음에는 오역도 많았으나 조금씩 오역도 줄어들고 있는 편 물론 아직 오역은 많다 예 아니오숯 아니오가솔린 등등 탬 복사버그 멀티에서 된다고는 하던데 어떻게하는진 잘 모르겠음 싱글에서는 아이탬 파밍 후 쓸모없는 아이탬 하나를 넣어두고 재접하면 열었던 상자가 새로운 상자로 바뀌어 있어 높은 난이도의 섬을 공략한 후에 무한 재접하면 탬복사 쌉가능,4
sunkenland,1,2023-08-30,이 게임에 내구도 시스템이 있었다면 더 재밋지 않았을까 라고 생각한지 시간 내구도 시스템이 있었다면 난 게임을 끄고 디맥이나 하러 갔을 것이다총이 준내 아프다 물론 내 총도 아프다 이 놈들 시야는 좁은데 총은 준내 잘 쏜다총 맞기 싫어서 몰속으로 가려해도 산소탱크 없으면 박스 하나 까고 올라와야한다결론 수류탄이 고트다 아직 얼리라서 그런것 같은데 수류탄 하나면 벽뒤건 옥상이건 다 평등해진다 시간 달려봤는데 묵혀두면 갓겜이 될것 같음 지금도 충분히 재밋지만 하루 시간 달려 티어를 열었다볼륨이 많지 않고 친구 몇명 있으면 켠왕도 가능 할듯하다 이런 겜 건축하는걸 좋아하는데 건축이 쉽지 않다수직이동을 사다리로 밖에 못하고 장식 템들은 설치하면 돌려받지 못한다 귀중품도 넘쳐나는데 쓸데가 크게 없는듯 아직은 총도 보면 권총을 쓰는게 이롭다 대충 총쏘는적 몇명 상대하면 쏜것보다 드랍이 많기 때문 최적화는 좀더 해야할것 같고 모션이랑 시야각 조절 이런것도 있어야 할듯 D멀미 있으면 좀 히들듯 하네요근접 적들은 좀 많이 멍청하고 석궁도 멍청한데 총은 만발사수여꿀팁을 좀 적자면 유린자 섬에서 시작하는데 그섬 나무 다 캐고 바로 앞 바다 드가서 차랑 박스 다까고 얻은 천으로 밧줄 만들어서 활 만들고 약탈자 기지 털러가면 됨 총든 놈 명있는데 멀리서 하나식 까면 할만함 그럼 안녕,3
sunkenland,1,2023-08-29,물고기 대체 어떻게 말림 ,0
sunkenland,1,2023-09-11,정말 미래가 기대되는게임,2
sunkenland,1,2023-09-06,혼자보다는 친구와 플레이하는걸 적극추천 합니다 건축도 재미나고 꾸미기도 다양하고 시간 동안 엄청 재미있게 플레이 했습니다 다만 살짝 아쉬운건 AI들 총쏘는거 너무 사기 아닙니까 다 맞어 그냥 앞으로 업데이트가 기대 됩니다 ,2
sunkenland,0,2023-08-26,아직 사지마라 사람들이 한국어 으로 표기 됀다고 했는데 애잉 얼마나 그렇다고 하면서 들어가보았지만 역시 나는 흑우였어 아낌없이 퍼주는 그래픽이나 무빙 잠깐 해본결과 괜찮을만한 게임이 나온거 같지만 한국어 재대로 해주면 그때 하는게 맞는거다,10
sunkenland,1,2023-09-15,멀티플레이를 하다가 저장 후 조금있다가 다시 접속하면 캐릭터가 없어집니다 그동안의 노력이 물거품이 되어버리는 것을 느낄 수 있습니다 하지만 재밌습니다 여러분도 하시길 바래요 저랑 똑같이 느끼시길 바랍니다 이만 ,4
sunkenland,1,2023-08-26,아직 얼리라 진짜 꽤 많은 업데이트가 되면 괜찮을거같음영화 워터월드가 모티브인거처럼 전세계가 수장되어버린 세계에서 물위에서 살아가는 컨셉 이 컨셉에 투자한다,3
sunkenland,1,2023-08-26,존버하셈,2
sunkenland,1,2023-08-27,잠깐 찍어먹어보려다가 시간 순삭 갓겜레프트 러스트 더포레스트 셉투다 의 모든 장점이 섞여있지만정말 맛있게 버물려진 게임 이런 게임 좋아하면 무조건 해보시는거 강추 현재 시각 원 정말 싼거임 개 재밌음 심지어 명까지 멀티 되니까 타인이 들어오는거 아님 방만들어하는거 비밀번호 걸고 안걸수도있음 무조건 사서 찍먹해보는거 개 강추,2
sunkenland,1,2023-08-28,이 요리를 이렇게 조합했다고 아 보기에도 이상하고 맛없을꺼같은데 딱 한입 먹어봐 어 이맛은 래프트의 탐험 맛 러스트의 약탈하는 맛 스트랜디드 딥의 생존하는 맛 서브노티카의 해저탐험과 파밍하는 맛 이 맛들이 고루고루 섞였는데 뭔가 섞인 비율이 괜찮아서 고개 한번 갸웃하고 어 한번만 더 먹어볼까 하고 더 먹으면 아 양념이 좀 덜 쳐지긴 했네 란 생각이 딱 들어 아 그래도 여기까진가 하고 숟가락 딱 놓으려 했는데 도저히 숟가락을 못 내려놓겠음 싱글로 했는데 멀티하면 개꿀잼일듯 한국어 이슈가 있지만 그냥 영어로 해도 무방 중학교 영어수준으로 장문 읽을 일도 없고 아이템 이름이나 알아먹으면 게임하는데 전혀 지장없음취향 맞으면 킬링타임용으로 괜찮음 노가다 파밍요소가 있지만 지형과 구조물이 매번 달라서 구경하는 재미도 있음 보트타고 파밍하러 가다가 멀리 보이는 신기한 구조물보고 와 가보고 싶다 호기심 채우는 재미도 있음 싱글 시간 했는데 맵 정도만 탐방함 맵 쥰내 크다 자이로콥터 마렵다 고무페달보트로는 가다가 자살하고 싶어지긴 함,3
sunkenland,1,2023-09-20,가능성이 높은 게임 생존의 난이도는 높지 않지만 난이도를 높일수록 바다라는 이동의 제약 때문에 파밍 기간이 짧아져 난이도가 꽤 오를 듯함 전투 난이도의 경우 주변 섬부터 정리한다면 적당한 것으로 보이며 석궁이 말도 안 될 정도로 가성비가 좋음 적당한 힐링 크래프트겜 느낌이 나고 해저 탐사에 로망이 있다면 해봄직한 게임 현재 가격이 꽤 합리적인데 Rust의 선례처럼 정식출시 때 가격이 오를 수도 있지 않을까 싶음 개발진이 꾸준히 관리하려는 듯 하지만 현재로서는 버그와 최적화가 뛰어나지는 않음 이런 점이 게임의 재미를 깎지는 않지만 불편한 사람에게는 꽤 불편하게 다가올수도 있다 싶음 ,1
sunkenland,0,2023-09-16,거지같은 게임 들어갔더니 집이랑 다 사라짐 game,1
sunkenland,0,2023-09-16,유튭보고 해결햇다가 뭔 개떡 같은 한글이지 하고 전부삭제 하고 다시 영문으로 했는데 문제가 영문이였다,1
sunkenland,1,2023-09-15, 시간하고 게임끄고 다시들어갔는데 창고아이템 다날라감에 차빡침 그걸 번겪음 그뒤에 업데이트햇다고해서 다시 게임시작햇는데 아이템삭제 버그사라짐 행복그이후에 캐릭터사라짐 아예모든걸 초기시켜버리는마법 캐릭터버그 살려줘진짜 내시간 시발,1
sunkenland,1,2023-09-09,번역 이상하고 버그 있는것만 빼면 갓겜,2
sunkenland,0,2023-08-28,한국어 번역이 되어있다고 해서 구매했는데깨진다 게다가 안깨져있는 번역도 구글도 그거보단 잘하겠다 뭐로 한거야 일본어랑 중국어는 이해하기 쉽게 되어있던데 무슨생각하는거야 짜증나 ,1
sunkenland,0,2023-08-31,얼액인거 감안해도 플레이에 지장이 큰 버그가 너무 즐비함 코옵멀티 하려는데 친구목록에서 호스트 친구 우클릭 게임참여 불가 아예 안 뜸 초대로만 들어올수 있음 초대수락시 게임이 풀방이라는 메세지가 뜸 호스트가 게스트들보다 게임을 나중에 켜서 방을 파야함 그마저도 불안정해서 번중 번 실패함 기준 업데이트로 수정됐다고 함 방제 검색해서 직접 들어가는게 편하고 확실함 근데 이것도 호스트가 게스트들보다 겜을 늦게 켜야 방이 검색됨 더포레스트처럼 AI들이 불규칙하게 쳐들어오는데 인공지능 수준이 허접임 밤이 되면 바닷물이 차가워져서 몸이 얼어붙고 피가 닳기 시작하기때문에 밤해루질 불가능 그렇다고 집or육지에서 할게 많냐 No 쓸데없는 시스템 인게임시간이 있는데 잠을 시쯤에 자야 다음날 오전 시에 일어나짐 근데 이게 고정됨 침대에 쿨타임이 있음 다음날은 시 이후가 아니면 못 잠 그렇다고 늦잠자서 새벽 시 이렇게 자면 오후 시에 일어나서 해루질 할 시간이 제한적이 됨 게임 켜고 맨 처음 메인화면에서 간헐적으로 GPU가 폭발하듯 혹사당하는 경우가 발생함 근데 또 매번은 아님 업데이트 후 상자에 넣었던 템은 복사가 되고 인벤에 있던 템은 날아감 가끔 서버 꺼지고 튕기면 롤백되는데 저장을 호스트가 원하는 시간에 할 수 있는것도 아니라서 매우 난감하고 의욕이 떨어짐 ,1
sunkenland,1,2023-09-07,역시 아는 맛이 무섭다 ,1
sunkenland,0,2023-08-29,멀티가 안되 ,2
sunkenland,1,2023-09-01,와씨 혼자해도 겁나 외롭고 쓸쓸하지만 존잼이에요 ,3
sunkenland,1,2023-08-27,갓겜사유 캐릭터 만들때 남캐선택해서 스크롤바 좌우로 왔다갔다 여러번 하고 여캐누른후 똑같이 반복한후 다시남캐로 가면 팬티가 됩니다 게 거북이 해초때리는데 빨간색 피가 나옵니다 팬티맨일때 적이 인식 못합니다 적이 총쏜다고요 A또는 D만 꾹누르세요 안맞아요그렇게 열심히하신다면 저처럼 분하시고 런을 박을 준비를 하고있을겁니다,2
sunkenland,1,2023-09-09,재밌는데 번역이 아직 아쉬움 ,1
sunkenland,1,2023-09-09,공개서버에서 한국인들이랑 하고싶은데 한글이 깨져서 어디가 한국인이 만든방인지 모르겠어요 그래도 게임은 진짜 재밌다 한국인들도 게임 구매 많이 했으니까 한글패치 제대로 해주세요 ,1
sunkenland,0,2023-09-02,래프트가 진짜 잘만든겜이구나,1
sunkenland,0,2023-08-29,아니 한글 자막 왜 이래 ,1
sunkenland,0,2023-08-29,저장하는로딩이좀오래걸려요,0
sunkenland,1,2023-08-26,완전한 한글 나올때까지 준버들어갑니다 싱글안돼요 아 평화주의자이데 중국인들 많아서 불편합니다 핵쟁이들 아 몰라 아무튼 준버들어가요,0
sunkenland,1,2023-09-02,아직 미완성인 부분이 강하지만 재미있다 나는 돌도끼인데 주변 적들은 총질하는거 맞냐 ,0
sunkenland,0,2023-08-29,환불했습니다 아직 매우 미완성입니다 트레일러 보고 친구랑 하려고 샀는데 친구 사기 전에 해봐서 다행이라는 생각 했음 얼리 액세스는 얼리 액세스다 한 년 뒤에 다시 구매하겠습니다 생존게임 씹덕으로서 가능성은 확실히 보입니다 얼액을 함께 하실 분은 구매하세요 괜찮습니다문제점점프할 때 고개 흔들리는게 거의 경추 빠진 수준임사운드 들쭉날쭉 얼액 공통인 듯 심각한 발적화 잦은 프레임 드랍구글 번역 수준이 매우 저열해서 뭔 말인지 이해 어렵고 일부 상당수 텍스트에 빈박스 영어 모르시는 분이라도 차라리 english로 게임 하는게 더 이해 잘됨얼리 액세스 방패로 그 외 게임성 관련 문제점은 안적고 갑니다,3
sunkenland,1,2023-09-11,무료로 받은 제품 레프트와 비슷 하긴 하다만 훨씬 재밌습니다 초반 시간 정도는 힘들 수 있는데 초반 타이밍만 넘어가면 재미있게 플레이 할 수 있고 석궁을 만든 순간 총 든 적들도 피지컬로 이길 수 있습니다 오래 할 것 같은 게임이네요 ,1
sunkenland,0,2023-08-29,좀 더 다듬어지면 사서해라 컨셉은 신박하고 바다도 이쁘다 그래픽이 일단 셉투다 서브나우티카 같으면서도 퀄이 좀 많이 떨어지고 그럼 으로 돌리는데 화면 돌릴때 버벅거림 게임이 유니티라 그런거 일수도얼리라그런지 지금은 뭔가 다 조잡해보임 뭔가 개선되고 하면 재미있을지도,2
sunkenland,1,2023-08-31,시작하면 못끊습니다 ,0
sunkenland,0,2023-08-29,이 게임은 출시하기전에 기본적인 버그는 확인 안하고 판매하냐 버그 존나많네 ,0
sunkenland,0,2023-09-18,이거 재밌다고 한 새끼 누구야 시뷰롤 ,0
sunkenland,1,2023-08-26,이제 게임 할수있을 정도는 수정된듯합니다 단 몃몃 단어들은 아직 이지만 그래도 할만합니다,0
sunkenland,0,2023-08-26, ,0
sunkenland,0,2023-08-27,한글화 지원 완벽하게 안되있구만 먼 지원을 했다고 하냐 뒤지고싶냐,2
sunkenland,0,2023-09-12,멀티가 안 됨 혼자는 플레이 가능인데 멀티로 하려는 사람은 사지 마셈초대 받는 것도 게임 들어가는 것도 아예 실행이 안 됨그리고 한글지원 된다길래 했더니 한글은 왜 다 임 ,0
sunkenland,0,2023-09-05,겜플 시간 업데이트 이후 모든 아이템 삭제 타르코프식 운영 지렸다 앪밂뒮진게 붆명하다 ,0
sunkenland,1,2023-08-30,가볍게 시간 정도 찍먹 해봤는데 이정도로는 컨텐츠 퍼도 소모 못하는 느낌퀘스트나 이런 부차적인 컨텐츠는 많이 부족한 편이지만 얼리억세스라는 점을 감안하면 이미 굉장히 수작에 가깝습니다 보기 싫으면 영어 자막 읽으면 되는거 아닌가요 굉장히 오래 해도 질리지 않을 만큼 업데이트가 꾸준했으면 정말 좋겠네요 러스트 반만 가자 ,1
sunkenland,1,2023-08-28,짧은 소감 발헤임같은 건축 러스트 같은 파밍 나오데 같은 타워방어 시스템 레프트 같은 해상 파밍 오픈한지 이제 일주일된 얼리 게임이지만 스토리 및 청사진 블루프린트 탈것 인테리어 내부자체 및 아이템이 더 나올것이라고 생각듭니다 세일할때 얼릉얼릉 탑승하세요 한글화는 https blog naver com game esfj 를 참고하시면 간편하게 이슈없이 가능 Service Endpoint PapagoTranslateFallbackEndpoint 로 바꿔주면 네이버 파파고 번역으로 게임을 즐길 수 있음 개인취향에 따라 ,0
sunkenland,0,2023-08-27,한글 올 로 뜨는거 수정했다고해놓고 뭐 만 수정해놓고 수정했다고 짓걸이냐 니가 한국어배워서 한국어로 겜해봐라이 망할놈아 한국인 무시하다 큰코다친다 수고,4
sunkenland,1,2023-09-21,앰생 제조기,0
sunkenland,1,2023-09-21,생존 게임중에 싱글 플레이 하면서 여러가지 할것 들이 많은듯 합니다 전투 집짖기 파밍 장비맞추기 등 즐길꺼리가 많아요 굿 ,0
sunkenland,1,2023-09-20,묵혔다 하자,0
sunkenland,1,2023-09-20,총내놔 총,0
sunkenland,1,2023-09-19,유튜브보고 게임하게 되었읍니다 재미 있읍니다 ,0
sunkenland,0,2023-09-19,버그월드 인가 상자도 설치 하면 안열려지고 일안함 ,0
sunkenland,1,2023-09-17,물에 잠긴 도시위에서 무기를 이용해 생존하는것이 러스트랑 래프트를 합친 느낌입니다 친구들과 하면 재미있습니다 총이 사기입니다,0
sunkenland,1,2023-09-19,한글은 유튜브에 성큰랜드 한글 치면 분짜리 영상보고 패치하자 게임 공략은 네이버 성큰랜드 공략 치고 찾자 여태 나온 서바이벌 게임들보다 갓겜은 맞다 다만 아직 출시전이라 자잘한 버그들을 고치느라 진땀빼는 겜사가 힘들겠음 재미있고 할만하다 다만 이상하게 다 하고 나선 질리네 종착까지 긴 시간이 걸리는게 단점이지만 공략만 잘 하면 쉬움 ,0
sunkenland,0,2023-09-17,생존 게임은 노가다 요소가 있는 게 당연한지라 노가다 요소는 제외하고 평가합니다 NPC들이 습격을 오고 플레이어가 약탈을 하고 하는 결국 파밍의 주 목적이 인테리어를 제외하면 전투일텐데 전투가 역대 해본 게임 중 가장 재미 없습니다 앉기 해서 소리를 줄이든 뭐하든 땅에 발을 대는 순간 다 알아차리는 NPC 긴장감이라고는 눈 씻고 찾아볼 수도 없는 액션 타격감 기대작이라고 해서 사봤는데 현재까지는 돈값 못하는 게임입니다 ,0
sunkenland,1,2023-09-17,한글 폰트가 깨져요 폰트좀 바꿔주세요파밍하는 재미가 좋아서 굿굿 나중에 아이템들이 더 여러가지 생기면 좋을거 같아요맵 짱넓고 파밍 할 곳 짱 많아서 좋음,0
sunkenland,1,2023-09-17,제발 한글 폰트 수정 좀 그거 아니여도 하기는 할 수 있지만 답답 그거 왜엔 뭔데 재밌는거지 ,0
sunkenland,1,2023-09-16,싱글 런타임 할게 많아서 이것저것 하다보면 시간 수삭 나름 잼나네요 최적화가 조금 덜되서 가끔 팅김보관된 내용물이 사라질때도 있음 나름 잼있음,0
sunkenland,1,2023-09-16,맵 파밍 에 맞춰서 숨겨진 곳을 찾는 재미도 있고 적 섬 공략 하는 것도 괜찮음 밤에 적들 쳐들어 와서 뭐 하나 깨지니까 현타옴 반복 패턴인데 은근히 신경 쓸 것이 많음 건물이랑 기물이랑 각 맞추기가 어려움 아 개짜증,0
sunkenland,1,2023-09-16,한글 패치 시급 창고확장 지도 표기등 필요,0
sunkenland,0,2023-09-15,망할 시간동안 개좆빠지게 템 모아뒀는데 담날 겜 켜보니까 다 날아가있음 아직 정식 발매 안된 게임이라 그런지 버그도 많고 앞서 해볼사람들은 참고 하세요 ,1
sunkenland,0,2023-09-15,서버 분명 비공개로 해놧는데 누가 들어와서 기지 다 파괴함 ,0
sunkenland,1,2023-09-15,진짜 왜이리 재밌지 ,0
sunkenland,1,2023-09-15,아니 업데이트 진행하면 뭐해요 들어가면까만 화면밖에 안나오는데 플레이 자체가 불가능해요 플레이를 할수가 읎다구욧 세상서러워요 칭구가 돈주고 선물 해도 플레이를 못하다니,0
sunkenland,1,2023-09-15,대략적인 느낌은 러스트 바다 대탐험 dlc 같은 게임잔잔바리 버그가 있고 제한된 자원이라는 슬픈 점 미숙한 전투 장비 시스템 정도는 조금 아쉬운데파밍과 관련된 부분은 아주 괜찮다고 생각함 특히 장식품이라고 장난감이나 액자 네온 표지판 같은 걸 파밍하면 랜덤으로 껴주는데고거 모으는 거랑 옷 주워와서 패션쇼 하는 게 정말 쏠쏠하게 맛있음정식 발매가 기대되는 게임 중 하나 그리고 마지막으로 작은 팁을 하나 남기자면 절대 헬기를 바다에 띄우지 마시오 ,0
sunkenland,0,2023-09-14,수집하는 재미도 있고 만들어가는 재미도 충분함 근데 켠왕하라는건가 저장후 나갔다오면 상자에 있던 아이템들 싹다 사라지고 고생해서 만든 배들도 다 없어짐 빨리 고쳐줘 멀티플도 불안정한듯 일부 사람들 자꾸 튕김 ,0
sunkenland,1,2023-09-14,굿,0
sunkenland,0,2023-09-14,한글이 깨지고 무통보 패치로 인하여 게임이 팅김 아이템 배 증발 화 나지만 아까워서 계속하는중,0
sunkenland,0,2023-09-14,패치후 비공개 멀티안됨 인원 딱 맞춰서 그럭저럭했는데 패치 할때마다 템 구조물 사라짐 아니 패치 할때마다 사라지면 겜 어떻게하라고 패치 안정화 될때까지 하지마셈 재미는 있으나 패치 때문에 스트레스 받음 완성된게 아니라 그런듯 완성후 하셈 제발,0
sunkenland,0,2023-09-13,개 망겜,0
sunkenland,0,2023-09-13,버그 개많고 현재 멀티가 안되서 못하는중,0
sunkenland,0,2023-09-13,노답,0
sunkenland,0,2023-09-14,버전 초기라 그닥 편리하지않은 인터페이스같은건 이해하겠는데 버그가 좀 심각하네요 벽낌 버그같은건 애교로 봐주겠는데 툭하면 생기는 맵 초기화 아이템 증발 버그가 현타와서 게임을 지워버리고 싶을 정도입니다 크래프팅 생존게임에서 보관함에 넣어둔 아이템이 전부 증발하는 버그가 생기면 겜접기 딱 쉬운데이런 스트레스 받는걸 극도로 혐오하시는 분들은 지금은 구입하시는걸 비추천합니다 ,0
sunkenland,0,2023-09-14,조금 진행하면 총 에임대로 총알아 안나는거 좀 별로구요 올라가서 쪼그려 들어가라고 만든 곳임에도 불구하고쪼그려도 들어갈수가 없는 구역이 있구요 한글버젼이 완전 별로임 제대로 한글로 표기된게 거의없음 제작해서 만든 보트나 이런것들이 색상바꾸는게 같이 있어서 괸창히 불편함 아크나 다른 생존 게임처럼 E키를 길게누르면 선택할수있는 메뉴창이 뜨게끔 하는 그런시스템이 필요할듯 그냥 킬링타임용으로 잠깐하기엔 괸찮음 만원 미만이면 살만함 ,0
sunkenland,1,2023-09-13,얼리엑세스로 충분히 이해합니다 멀티로 했을때 나무가 안구해지는데 상자안 둔 아이템이 전부 사라졌어요아니 상자 여러개에 둔 아이템들 겨우겨우 모아놓고 자려는데 혹시몰라 테스트로 친구와 다시 서버 열었는데전부사라졌습니다 이아이템 어떻게 구하나요 리젠도 늦는데,0
sunkenland,1,2023-09-13,재밌긴한데 아직 업뎃중이라 컨텐츠가 너무 없어서 할껄 만들어야함배달음식 비조리 포장 느낌,0
sunkenland,1,2023-09-12,나름 재밋고 짬뽕으로섞힘,0
sunkenland,1,2023-09-12,개발 로드맵을 보면 앞으로 추가될게 많아보여서 기대가됨 혼자하면 습격당할때 무섭긴한데 두명 이상에서하면 진짜재밌음 강추 돈 안아까움 레프트 러스트 같은 오픈월드 협동 생존게임 좋아하면 무조건 좋아함,0
sunkenland,1,2023-09-12,뭔가 완성된건 없는거 같은데 진짜 시간가는줄 모르고 했어요 개짱추천합니다 굳굳굳,0
sunkenland,1,2023-09-11,헬기 조작 같이 만들어 놨네 ,0
sunkenland,1,2023-09-11,혼자하면 외로워요 노예구하시는분 ,0
sunkenland,1,2023-09-11,처음엔 뇌사 올만하지만 그 구간만 버티면 재미있게 플레이 가능한 게임러스트에 래프트 추가한 느낌 버그도 있긴하지만 즐길 요소는 많음,0
sunkenland,1,2023-09-13,재미있게 게임함친구랑 같이 총 두명이서 했었고 버그도 좀 있고 한번은 글카가 혹사당한적도 있긴한데 게임의 퀄리티가 생각보다 많이 괜찮았음 계속 성장의 여지가 있고 나중에는 ai들 학살하는 재미가 좀 있는데 따로 스토리가 없어서 그냥 친구랑 이야기해서 ai 섬을 싹다 밀어버리는걸 엔딩으로 잡고 이제 게임을 끝냄헬리콥터와 같은 것도 있긴 했는데 재료를 만드는게 시간은 더 걸릴 것 같고 그만큼의 흥미가 더 있지는 않아 여기서 멈출듯 나중에 몇년뒤에 콘텐츠가 더 추가되고 그러면 돌아오겠습니다 ,0
sunkenland,1,2023-09-12,자유도가 상당히 좋아서 생존게임 좋아하는 분들은 이 게임 하면 좋습니다 단 아직 버그가 조금 남아있고 한 번씩 플레이를 오래 하다보면 의도치 않는 무적이 걸립니다 물론 아직 업뎃이 많이 안되서 그런듯하네요 업데이트 많이 해서 버그픽스만 잘하면 생존게임 중에도 손가락에 꼽히는 겜이 되지않을까 싶습니다 ,0
sunkenland,1,2023-09-11,번역이 뜨는것과 어차피 필수품목은 타게임들과 동일해서 딱히 이게 문제되진 않음 몹들의 에임이 너무 정확하여 은페엄페할수 없다면 최하 난이도로 해도 한방컷이 날 수 있다는 그런 파괴적인 밸런스를 제외 하곤 할만하다 할 수 있습니다 아 요번에 패치를 더 했던데 월 일시점 그전엔 방어력 올리면 피가 덜다는게 느껴졌는데방어구 내구도 패치후론 기존 대미지의 배 이상이 들어온다는 ,0
sunkenland,1,2023-09-10,갓겜,0
sunkenland,1,2023-09-10,친구랑 놀기 좋음,0
sunkenland,1,2023-09-09,Raft 와는 다르게 바다 위에서 집짓고 살아가는 게임한글 패치나 최적화 등 몇 가지 아쉬운 부분이 있지만 현시점에서 잠재적인 재미가 상당히 기대되는 게임,1
sunkenland,1,2023-09-09,good,0
sunkenland,1,2023-09-08,나쁘지 않음 얼리 치고 괜찮은 퀄리티에 향후 업데이트가 매우 기대됨 나름 이 게임에 애정 있게 플레이 할거같음,1
sunkenland,0,2023-09-08,러스트 스트랜디드 딥 ,0
sunkenland,1,2023-09-07,게임성은 좋다고 보나 아직 부족한게 많음 최적화도 최적화지만 오브젝트 판정이 좀 크다 생각함 NPC 들은 엄폐해서 뒤에서 쏘는데 플레이어 기준으로 엄폐해서 쓰면 엄폐물에 총알이 박히는 판정이 좀 많다고 생각함 조금 개선이 필요하다고 생각함,1
sunkenland,1,2023-09-07,아니 그 시민센터 커다란 건물들 왜 안들어 가짐 ,1
sunkenland,1,2023-09-06,재밌어요 러스트 래프트 나이트오브데드 세븐데이즈투다이 a 다 쪼금씩 있는 느낌 ,0
sunkenland,0,2023-09-06,버그 진짜 많다 게임 끄고 다시 접속 하는 순간 내 캐릭터가 입고 있던 옷 다 사라짐 물론 도구들도 통조림 한개랑 콜라뿐 그리고 가끔 파밍 하다보면 분명 뚫려 있는 문이 없는 아치 인데 안에 상자들 있고 한데 보이지 않는 결계가 있어서 진입이 안된다 건물 외벽을 돌며 벽 넘어로 파밍을 해야 한다,0
sunkenland,1,2023-09-06,장점 장르 단점 한글화 패치 개떡같이 해놔서 차 뇌절옴 그래픽 최고 사양인데도 좀 어지럽고 별로임나중에 패치하면 해야지,0
sunkenland,1,2023-09-05,오랜만에 재밌는게임 나왔네여 한국인들만 친추해주시면 저희가 천천히 알려드립니다 디스코드 가능하며 초보자분들도 재밌고 쉽게 플레이 하는것이 저희 목표되겠습니다 나이x성별x 아무조건 없습니다 ,0
sunkenland,1,2023-09-05,아무 기대없이 시작했다 근데 생각보다 노가다 하는 맛 총 쏘는 맛 약탈하는 맛이있다 마치 소말리아 해적 시뮬레이터 인것 같다 아니 근데 최고 티어 배면 상자 한 개는 잇어야 하는거 아님 왜 하나 뿐임,1
sunkenland,1,2023-09-04,게임은 정말 재밌고 가능성이 충분해요 근데 당장 구매해 라고는 말하기힘들어요 묘하게 구린 최적화 발번역 특정템은 번역조차 제공해주지않고 게임 버전이 다르면 세이브파일에 잇는 캐릭터 아이템 날리기등 단점도 많습니다 다른 리뷰들 더 보시고 구매하는게 좋을듯,0
sunkenland,1,2023-09-04,똥꾸린내가 진동을 하는데 몇시간 맡아보니 된장 냄새 같기도 하다,1
sunkenland,1,2023-09-04,스토리가 부족,1
sunkenland,1,2023-09-04,재밌다 혼자 설렁설렁 시간순삭,1
sunkenland,1,2023-09-05,러스트 레프트 더 포레스트 느낌 남물론 위에 말한 게임들보단 저퀄리티인데나름 구색은 갖추고 있어서 재미는 있음 총쏘는 것도 조작감 나쁘지 않고가격도 비싸지 않고 친구들이랑 하기 좋음아직 얼리라서 그런지 컨텐츠가 적고 버그도 상당수 있음근데 개발사가 열심히 버그체크하고 업데이트 하는거 보면 앞으로 괜찮은 B급 생존게임 생길거 같음좀 더 묵혔다가 나중에 다시해야지 ,1
sunkenland,1,2023-09-04,학교 가야하는데 아침수업인데 학교 가야하는데 아침수업인데 학교 가야하는데 아침수업인데 학교 가야하는데 아침수업인데 학교 가야하는데 아침수업인데 학교 가야하는데 아침수업인데 학교 가야하는데 아침수업인데 학교 가야하는데 아침수업인데 학교 가야하는데 아침수업인데 학교 가야하는데 아침수업인데 학교 가야하는데 아침수업인데 학교 가야하는데 아침수업인데 학교 가야하는데 아침수업인데 학교 가야하는데 아침수업인데 학교 가야하는데 아침수업인데 ,0
sunkenland,1,2023-09-04,진짜 얼리억세스 치고 굉장히 잘 즐기고 있는 게임 아는 사람들이랑 하면 개꿀잼임 아 물론 친구 DLC는 판매 안하니 조심하시고요 그냥 좀만 다듬고 월드 확장시키면 진짜 러스트 레프트 성큰랜드 라는 공식 세워질거 같음아 그리고 한글패치 버그좀 유저들이 고치는게 아닌 게임에서 원활하게 돌아갈 수 있도록 해주셨음 합니다 ,1
sunkenland,1,2023-09-04,호스팅 서버 만들때 어지간하면 비밀번호 설정하고 하세요비번 설정 안하면 핵쟁이들 옵니다헬기를 소환하질 않나 플라잉 하면서 총 쏘질 않나 뭐 괴롭힐려고 그냥 깽판 치러 오는 애자식들은 예상은 했는데 진짜 어이가 없네 ,1
sunkenland,1,2023-09-04,이 게임이 칭찬받아 마땅한 것 얼리억세스 이후 정식 출시를 위해 끊임없이 업데이트하는 것 그 로드맵을 말하고 지키려고 노력하는 것 게임이 재밌는 것 ,0
sunkenland,1,2023-09-04,개추,0
sunkenland,1,2023-09-04,해당 게임은 멀티 플레이 위주의 게임 입니다 혼자 플레이 할 시 인벤토리 압박 때문에 제대로 파밍하기가 힘든 경우가 많이 생깁니다 멀티로 배를 여러대 운용하면 다른 섬을 쉽게 약탈 가능하지만혼자 플레이 시 여러번 왔다갔다 해야하는 번거로움 때문에 기지 공격에 취약해집니다 역할 분담이 필요한 발헤임 같은 게임을 생각하시면 편합니다 솔로 플레이 시 약탈자 옵션을 끄면 되긴 하는데 해당 게임 컨텐츠의 대부분이방어와 약탈 이라고 봐도 무방하기 때문에 해당 옵션을 끄면 재미 방어 컨텐츠 삭제 가 반감되어 버립니다 그렇기 때문에 이 게임을 시작하실 경우에는 무조건 멀티플레이를 추천 드리고 솔로 플레이의 경우에는 비추천 입니다 적이 주기적으로 아군 창고 스토리지 를 기준으로 공격을 오기 때문에 방어가 필요 함 아이템 최대 스택 수가 빡빡하고 파밍 해야하는 섬이 멂 원정동안 방어에 취약해짐 혼자일 경우 복귀 하는 동안 기지가 벌집이 되어 있을 확률이 커짐 위의 불편한 문제들은 인원 수로 극복 가능 하므로 멀티 플레이가 필요,0
sunkenland,1,2023-09-03, 마성의 매력이 있음 아직 얼리에 생각보다 조잡한 AI와 조잡한 그래픽이지만 게임성 자체는 좋은 편이라 재미는 있습니다 개씨발 좆같은 해적 새끼들이 일 꼴로 오는데 철 수급은 끔찍하고 종결 보트 종이 철만 개 처먹고 AK M M 세 개 만드는데도 총 개 대가리랑 갑옷 만드는데 개씩 처먹어서 집을 철로 지을 수가 없음 한 일 정도면 벽 정도는 겨우 두를 듯 얼리 특성이라고 해야 하나 일단 컨텐츠 소모 속도도 빠르고 컨텐츠 자체가 별로 없음 심지어 상점 주인 씹련은 파는 건 별로 없고 그것도 대체로 다 초반에 사용하는 것들이라 일 이후로는 가끔 배터리가 사라지는 버그가 있어서 배터리 사거나 총알 수급 때문에 화학물질 사는 정도 말고는 갈 일이 진짜 별로 없음 나름의 종결 보트가 종 있는데 개인적으로는 제트스트림 보우라이더가 취향에 맞음 오른쪽에 운전석이 있어서 좀 뭔가 불편하긴 한데 마린 패스트 보트는 물 위에서 존나 통통거리고 파도에 영향을 더 많이 받는 것 같음 그리고 핸들링이 끔찍함 이 게임은 나무 철 구리 정도는 리젠이 되는 게임이라 갑자기 모자라다 그러면 나무랑 철 정도는 작은 바위 섬에서 조금 캘 수 있음 지형 같은 건 바꿀 수 없음 유린자의 섬에 자리 그냥 잡고 집 다 짓긴 했는데 이 망할 병신 게임 앞에 존나 큰 돌덩이 두 개를 치울 수가 없어서 개좁은 길을 통과하거나 뛰어 넘어야 옆 건물로 넘어갈 수 있게 됐음,1
sunkenland,1,2023-09-03,재미없어서 시간안에집만든다음 끄고 환불해야겠다했는데 집만들고나니까 시간이네 밤까지샘 진짜 재밌음,0
sunkenland,1,2023-09-03,그럭저럭 할만함 친구랑 같이 하길 ,2
sunkenland,1,2023-09-03,아니오고무,0
sunkenland,0,2023-09-03,게임 주 컨텐츠가 단 일만에 끝났다 명이서 플레이해서 그런지 모르겠지만 완성도가 조금 하자가 있는 점을 감안해야된다 ,0
sunkenland,1,2023-09-03,선즈 오브 포레스트보다 재밌음 업뎃 많이하면 생존 갓겜으로 변할 거라 기대됨 지금 단점은 AI가 상당히 멍청해서 전투가 쉽다는 것 엄폐물 돌 위에서 창질하면 인식 못함 그것과 반대로 이새끼들 화살 쏘는 건 존윅급임 벽 뒤에서 쏘는거 기다렸다가 장전할때 존나 뛰어가서 찌르면 됨그래도 추천함,0
sunkenland,1,2023-09-03, 월 일부터 지금까지 플레이함 둘이서 하는데 재밌네요,0
sunkenland,1,2023-09-03,누 눈 눈 눈이 너무 아프다 시발,3
sunkenland,1,2023-09-03,Good,0
sunkenland,1,2023-09-03,개 재밌음,0
sunkenland,1,2023-09-03,사실 엄청 재미있습니다 배터리 버그만 어찌 안되겠니 배터리 충전기 한번이라도 사용좀 해보자너무 재미있네요 세일때 구입해서 인가 구입했는데 정말 재미있게 하고 있습니다 빨리 배터리 버그좀요,0
sunkenland,1,2023-09-03,재미있습니다 래프트 느낌 다만 한글 번역이 뭐 이렇게 깨지는건지 그리고 친구들이랑 같이 하세요 적들 공격오는데 혼자 막기힘듬 ,0
sunkenland,1,2023-09-02,혼자 즐겨도 재밌는 게임 근데 혼자 하면 초반 넘기기가 많이 어려움 그래도 나중에 업데이트 된다면 기대해도 될꺼같음,0
sunkenland,1,2023-09-02,한글 깨져있지만 딱히 못알아먹을정돈 아님 하지만 그래도 한글 고쳐줬으면 좋겠다 ,0
sunkenland,1,2023-09-02,재밌음 근데 한글패치좀 똑바로 부탁,1
sunkenland,1,2023-09-02,나이트오브데드 레프트 느낌이구요 재미있어요 초반은 좀비가 너무쌤꿈잼보장 잡숴봐 츄라이 츄라이,1
sunkenland,1,2023-09-02,zzz,0
sunkenland,1,2023-09-02,혼자 하기 힘들다 멀티 하세여 멀티 근데 저장 안되는거 뭐죠 ,0
sunkenland,0,2023-09-02,멀미나요,0
sunkenland,0,2023-09-02,제품 환불받음 아직은 좀 더 발전이 필요한 겜,0
sunkenland,1,2023-09-01,there is a hacker already and cant kick him out so all my work is gone need help,1
sunkenland,1,2023-09-01,한글 패치가 제대로 이루어지지 않은 점 빼곤 아직 괜찮은 거 같습니다,1
sunkenland,1,2023-09-01,dd,1
sunkenland,1,2023-09-01,올만에 개재밌는 생존겜나왔네여 ,1
sunkenland,1,2023-09-02,섬파밍 다하고 바닷속 파밍 다하고 집 건설하고 나니 할게 없음 다음 업데이트 빨리 해듀세요 적들이 매일 처들어오는게 싫으면 시작전 설정에서 체크를 하세요 존나 귀찮아 집 수리하기 고치면 쳐들어오고 총알 오링나고 게임 재미도있지만 업데이트 내용을 한글로 번역해준게 제일 맘에든다 타게임들 시봉 한글번역해서 올리라고,1
sunkenland,1,2023-09-01,raft버젼의 러스트 느낌 딱 얼리정도의 완성도카메라 고정기능이 있긴한데 고개를 너무 끄덕거려서 멀미남개인적으로 여러 생존게임 요소들을 가져와서 믹스한 느낌 레프트 러스트 셉투다 정도 지금 당장은 조작감도 구리고 여러 불편요소들이 많지만 추후 패치에 따라 제 의 러스트가 되지않을까 싶음떡상 기다리며 미리 구매하는것도 괜찮다고 생각함,0
sunkenland,1,2023-09-01,뭘 패치를 이렇게 많이 하냐 너무 마음에 드네 ,1
sunkenland,1,2023-09-01,운전석에 타서 아래보고 P 버튼 연타해봐라음속의 배로 항해 가능하다 그리고 이거 상상이상으로 병 신 게임이니까 사지말고 퍼세일 존버해라,1
sunkenland,1,2023-09-01,엄,1
sunkenland,1,2023-09-01,이게 게임이냐 시간잡아먹는 도둑이지 다른사람들 한테 꼭 도둑 잡아달라고 신고한다,2
sunkenland,1,2023-09-01,추천합니다 튜토리얼이 없는게 아쉽지만 한글이 조금깨지고 근데 음 재밌음 레프트느낌,0
sunkenland,1,2023-09-01,세이브 파일 옮기는 법 APPDATA 진입 LocalLow Vector studio 폴더 안 파일 복사 접속한 새로운곳 동일 폴더에 붙여넣기,1
sunkenland,1,2023-09-01,아직 얼리버전이라서 부족한게 많지만 추후 계속 업데이트하고 창작마당 나오면 갓겜아 그리고 스토리 미션 있으면 더 꿀잼 일듯 꼭 추가 해주면 좋겠음 ,0
sunkenland,0,2023-08-31,왜 초기화 시키세요 제가 이게임에 소요된 시간을 보상하시죠,0
sunkenland,0,2023-08-31,멀티 하시려는 분들은 절대 사지 마셈 지금 버그 많음,0
sunkenland,1,2023-08-31,확실히 재미는 있음 하지만 내가 열심히 해저파밍이랑 각종 템들 파밍해서 짜릿할때서버가 팅기거나 멈추고 난뒤 들어오면 업글을 하거나 상자같은거 템들이 아예 사라지고 탐색은 그대로 되있어서 재파밍 불가 진짜 화나긴한데 재밌음 그래서 팅기는거나 각종 버그좀 잡으면 다시 올 예정 혹시 도르마무 거래 좋아하면 추천함 로그라이크 느낌임 하 ,0
sunkenland,1,2023-08-31,재밌음 ,0
sunkenland,0,2023-08-31,친구들이랑 너무 재미있게 게임 했어요 그런데 튕기면 들어가지지 않고 어떻게든 다시 들어가면 상자나 가구들이 사라져있거나 아니면 만들었던 기지 자체가 사라져있습니다 빠른 해결 원합니다 너무 재밌어서 빨리 다시 하고 싶어요 찡긋찡긋,0
sunkenland,1,2023-08-31,무료로 받은 제품 게임은 너무 재밌는데 버그가 조금씩 있었는데 빠른 업데이트를 버그를 잡아줬고지금 정말 재미있게 하고 있어요 갓 게임이에요 ,0
sunkenland,0,2023-08-31,아직 정가 주고 사기엔 버그가 만연하고 오류로 팅기고 나서부터 저장 후 접속 했을 때 백섭이 조금씩 되는 버그가 존재한다 재미는 있지만 많은 개선이 필요해 보임 멀티는 상당히 재밌다 ,0
sunkenland,0,2023-08-30, 같습니다 하지마세요 게임이 서버들어가기부터 힘듬,0
sunkenland,1,2023-08-30,멀티하실때 스팀초대로 하면 버그때문에 초대가 안되니까세계검색하셔서 들어가시면 됩니당,0
sunkenland,1,2023-08-30,넓게 세상을 보고자 새로운 섬에 상륙했더니신이 난 원주민들의 무수한 총알 세례와 몽둥이질 요청이,1
sunkenland,1,2023-08-31,아직은 앞서해보기 라서 한글패치 문제도 있긴한데 그건 감안하고 게임할수있는 수준임 게임 진행할때 가끔 내가 집지은 섬에 공격이 들어오는데 언제 들어오는지 잘모르겠음 파밍 멀리 나가있는데 집공격당하면 초반에 반파됨 멀리 갈일은 없지만 그리고 아직 섬 이 여러게 있는데 대부분 인지 전부 다 인지는 아직 잘모르겠는데 집 지을수있는 섬이 한정되있음 그리거 오늘 겪은 버그인데 저장하고 다음날 접하니까 캐릭터에 있는 아이템 다사라져있음 개빡치네 이런 버그 같은거 감당하고 하실거면 한데버그 때문에 멘탈 깨지기 싫은분은 비추 ,0
sunkenland,1,2023-08-31,드물게 적이 땅에 박혀서 반만 보이는 경우가 있어서 방심했다간 쉽게 죽을 수 있음 AI는 멍청한 면이 있어도 심심하지 않음 점점 더 강해지는 공격 웨이브 시선 유도 후 뒤에서 급습 등섬이나 구역을 파밍하다 보면 에서 멈추는 경우가 있음 버그가 아니라면 찾지 못한 것이겠으나 광물 탐지기 처럼 파밍요소에도 보조 아이템이 있으면 좋을 것 같음 치명적 오류였던 저장 내용의 손실이 현저히 낮아졌으며 다른 여러 버그픽스를 거치며 꽤나 안정적인 모습을 보이고 있음 하지만 여전히 버그들이 존재함 예 익사 후 잔여 아이템 매장됨 그러나 바닥을 뚫고 들어가서 파밍이 가능 배가 하늘로 뜨는 물리엔진 오류 스폰 시 특정 상황에 끼이는 현상 등플레이하는 데에는 지장이 없음 한번씩 이런 현상이 신기하고 거슬리는 정도 멀티의 경우 암호를 필히 설정할 수 있도록 하고 되도록이면 친구를 찾아 플레이하는 것을 추천함 트레이너 또는 핵을 사용해서 게임 진행을 방해하는 사람들이 다수 있음 ,0
sunkenland,0,2023-08-31,그래 헬기 열심히 주차 했는데 물리엔진때문에 즉사하는건 그래 내가 잘못했어 우리집 습격하는 습격자가 무장만 좋아졌지 우리집 뾰족뾰족 울타리만 열심히 치는 어지러운 지능을 가진건 그래 그렇다고 치자 전선이 마구잡이로 정리 안되는거 딴겜도 그런겜 많지 그런데 씨 팔 우리집 화염병이 바닷속에서도 불타오르는 지옥의 화염인건 좀 아니지 시발 ,0
sunkenland,1,2023-08-30,열심히 개발 하라는 뜻으로 구매를 하긴 했는데 아직은 어디에서 재미 포인트를 찾아야 할지 모르겠네요 일단 봉인 ,1
sunkenland,1,2023-08-30,정출존버,1
sunkenland,1,2023-08-30,선최종평가 가격주고 살만한데 할인하면 더 땡큐 킬링타임에 아주 좋다 하다보면 시간이 가있다 DIgX의 The Infected와 비슷한 느낌바다를 이용해 수중도시를 탐험한다는 것이 다른 생존게임과 차별화된 재미 요소이고 향후 개발 방향에 따라 재미가 제곱이 될 전망으로 보인다 서브노티카는 그야말로 바다에서만 생활해야 해서 공포심이 극대화되는 반면 이 게임은 그래도 육지에서 먹고 자고 바다로 파밍나가기 때문에 좀 더 바다가 아름답게 다가와진다 나무를 베는 모션이 조금 어설프고 고철채굴의 귀찮음은 키꾹으로 최대한 줄였다나무 바닷속 고철 광물을 이용할 수 있고 조금 더 멀리 나가면 화학약품이나 고무 등을 얻을 수 있다 패들보트를 만들고나서부터가 굉장한데 패들보트가 섬에서 끼는 것을 방지하기위해 패들보트 운전석에서 아래를 보도록 화면을 밑으로 끌면 P 키로 보트를 밀 수 있게 만들어 놨다 방향은 배의 정면 방향 이 P키를 연타하면 톤 레그프레스의 로니 콜먼에 빙의해 정면으로 시속 Km h 까지 속력을 낼 수 있어서 멀리까지 여행 가능해진다 Km h를 넘기면 상당히 불안정해진다 The Forest와 다르게 Foundation 집을 짓기 위한 기초기반 을 만들 때 높이를 설정하지 못하거나 하나를 만들면 연속해서 처음 것의 높이에 고정되어 만들어야 한다는 점이나 계단이 없는 점 사다리 밖에 없음 요리 재료를 불판 위에 여러 개 놓지 못하거나 싸울 때 수영 할 때 스테미나가 좀 많이 딸리는 게 불편하다면 불편한 점이다 하지만 불 관련 제작에서 금속을 약간 쓰는 화로를 만들어두면 연료가 필요없는 영원히 꺼지지 않는 불을 만들 수 있어 편리한 점도 있다 참고로 고철 저장창고나 통나무 저장창고를 만들바에 나무 보관상자를 만들어서 고철과 나무를 저장하는 것이 훨씬 많이 저장가능하다 ,0
sunkenland,0,2023-08-30, 시바 버그 개많아 저장 무한로딩에 집 만든거 바닥밑에 껴서 나오지도 못하고있음 안해 시바 아이템도 전부 다사라져있네 내 개고생한거 돌려놔,0
sunkenland,1,2023-08-30, 신경쓰이면 한글화 끝나고 하길 권장함,1
sunkenland,1,2023-08-30,생존게임 가뭄인데 이정도의 가격이면 좋다고 생각합니다건축 농사 디펜스요소할만한게임임 ,1
sunkenland,1,2023-08-30,처음 분 시간하고 안맞으면 환불하면 되니까 뭐 컨텐츠 아직 별로 없네이후 지도 넓혀가면서 바쁘다바빠 선큰랜드,1
sunkenland,1,2023-08-30,생각보다 개재밌음,1
sunkenland,1,2023-08-29,유통기한이 지난 음식이지만 맛이 좋은,3
sunkenland,1,2023-08-30,러스트 래프트 더 포레스트를 합친 게임기본적인 컨셉이나 게임 플레이 요소들이 괜찮고 앞으로 발전할 가능성이 보임한글이 으로 나오는 문제는 리뷰에 해결법 적어두신 분꺼 따라하거나 공식 패치를 기다리십쇼 그리고 게임 자체가 모션인지 카메라인지 살짝 끊기는 느낌을 주는데 이게 멀미 유발이 상당합니다 적응을 하면 쫌 괜찮지만 그때까진 쫌 힘듭니다 게다가 시야각 옵션이 아직 없어서 멀미 체감이 더 심합니다 ,1
sunkenland,1,2023-08-29,마치 여름 휴양지를 온 기분이 드는 게임이네요 미지의 세계에 대한 탐험 욕망이 생겨요 ,1
sunkenland,1,2023-08-29,pc방에서 게임하고 집에와서 이어서 하려는데 저장이 안되어있고 그냥 모든게 초기화네 저장방법 급구한다 게임자체는 재미있다,0
sunkenland,0,2023-08-29, 시간 해봤는데 재미없어서 환불합니다 한글 번역 엄청 깨져있습니다 ,0
sunkenland,1,2023-08-28,배터리나 산소통을 호스트가 놓고 참여인원이 먹은 후에 다시 호스트가 탬을 빼면 아이템이 복사가 됩니다 덕분에 상점에서 아이템 마구마구 사버림,0
sunkenland,1,2023-08-28,진심 개 핵 어 엄청 재밌다 레알루다가 완전 추천함,0
sunkenland,1,2023-08-28,왜 저장이 안되지,0
sunkenland,1,2023-08-28,이거 뭔데 이렇게 잼있냐 도랐네 속는셈 쳤다해도 너무 꿀잼인데 갓겜이다 이거,0
sunkenland,1,2023-08-27, ,1
sunkenland,1,2023-08-28,한글패치에서 버 벅했으나 잘해결하고 재밌게 진행중입니다 베댓 한글패치 및 https seogilang tistory com 참고해서 패치하세요,1
sunkenland,1,2023-08-28,우리나라 복합적은 다 한글때문인것 같고 겜은 재미없진 않음다아만 멀티시 아이템박스가 안열리는 버그 나갔다가 들어오면 템이 사라지는 버그 배가 맵에 낑기는 버그 광석이 한자리에 여러개 겹쳐있는 버그 자잘한것부터 심각한 버그까지 초반인데도 불구하고 여러 버그들이 난무하는걸 목격할 수 있음 난 혼자했으면 벌써 접었을거임 ,0
sunkenland,1,2023-08-27,한글패치가 아쉽긴한데 그래도 즐겜으로 하고있음 어렵지않고 캐주얼하기도하고 꿀잼임,1
sunkenland,1,2023-08-27, 분 소감 묵혀놨다가 년뒤에 보자 ,0
sunkenland,1,2023-08-27,한글은 으로 나오고 번역도 개판이지만게임 자체는 재밌음,0
sunkenland,1,2023-08-27,이거 조금만 손보면 좋은 겜이 될듯,0
sunkenland,1,2023-08-26,래프트랑 러스트를 적당히 잘 버무려놓은 갓겜,0
sunkenland,1,2023-08-26,러스트 래프트 성큰랜드싱글과 멀티 가능 한글지원하는데 스토리나 일부 옵션 네모로 나옴제작이나 재료는 꺠지는 부분 없음유니티엔진으로 만들어서 저사양 컴에서도 돌아갈듯래프트 이후로 물에서 집짓고 사는 겜이 없어서 기다렸는데 이건뭐 완전 영화 워터월드네,0
sunkenland,1,2023-08-26,모션도 어설프고 오브젝트도 구린내가 나긴 하는데 가격대비 그럭저럭 할만함심해 공포증 환자를 배려해서 그런지 물속도 딱히 어둡진 않고 밤에는 들어가지 말라고 추위에 걸림뭔가 raft 실사판 같았는데 겜 해보니 섬과 바다를 싸돌아 다니는 포레스트였음뮤턴트 쳐들어 오다 나중엔 사람까지 무리지어 쳐들어옴 근데 단순 빡대가리 들이라 원거리 무기들고 농성하면 상대하기 쉬움,0
sunkenland,1,2023-08-26,얼리답게 문제도 많이 터지고 돈 들인거 치고 문제가 너무 터지는 느낌입니다만 파상풍 느낌 오지면서 탐험하기 시간가는 줄 모르는 게임이네요 이 역시도 얼리치고 꽤나 탐험 구석을 많이 만들어놨어요 정식버전때 과연 볼륨을 얼마나 내놓을지가 기대되네요 게임하면서 연구테이블과 청사진으로 에서 오리발 공기 탱크 만들어서 낄 수 있는데 이때부터 탐험하기 매우 편해집니다 공기탱크는 연구테이블 렙쯤에 공기 주유소라고 만드는데 이걸로 공기 리필해서 재사용할 수 있어요 배터리도 충전기는 있는데 지금 버그가 있어서 물건에서 배터리를 먼저 빼서 충전기에 안꼽고 다쓴 배터리가 있는 물건에 새 배터리를 바로 꽂아버리면 다 쓴 배터리가 나오지 않고 증발해버립니다 이점 주의해서 사용하시구요 연구테이블 렙때 가장 많이 필요한 것들이 나와요 렙때는 경보시스템 고정형 중기관총 있는데 이건 방어용이라 있으면 좋지만 초중반까진 없어도 그만이라 일단 렙까지 뚫는게 좋아요 청사진 나오는 자리는 매번 다양한데 군용 가방청사진 얻으면 인벤이 기본에서 배로 늘어나서 엄청 편해집니다 남서쪽 맨 끝자리에서 헬리콥터 청사진을 얻었는데 이런 고급 청사진들은 맵 가장자리쪽에서 나오는듯 모든 재료가 다 아쉬울정도로 모자라고 아까워요 한 자리에서 파밍할 때 최대한 다 모으도록 파밍하는게 좋고 혼자서 몰려오는 적들 싸우기가 매우 힘들어요 건물의 반을 혼자 커버해야 하는데 이게 힘들거나 싫으면 월드 생성할 때 에너미 부분 설정 건드리면 편한듯 용광로 등 모든 작업장이 개씩만 작업되요 굉장히 피곤한데 괴 만들거나 화덕같은 것들은 개 이상은 만들어야 좀 숨이 트입니다 아무튼 작업장 종류도 많아서 건물이 은근 넓어야 해요 고무는 초반에 엄청 모자라서 허덕이는데 나중에는 꽤 많이 남아돕니다 먹을 것들도 대체로 초반에만 허덕일뻔하지만 이것도 남아돌게 되요 피 회복 재료인 붉은 해조류는 바다 밑바닥 파밍하다보면 종종 보여요 보일때마다 열심히 먹어줍시다 요리 종류가 좀더 많음 좋을 듯 하고 난로에서 요리만들 때 물병이 재료로 드는게 반인데 이거 만들면 물병 그대로 사라집니다 물만 쓰고 병은 돌려주면 안되나요 유리가 넘치는 것도 아니고 중간중간에 가방 날아가고 배터리 한 개쯤 증발하니까 해탈하고 하게 되는듯 아무튼 재밌으니 즐거운 파밍라이프 합시다 ,0
